air,a,bhith,591
a,bhith,a’,567
an,uair,sin,455
bbc,an,là,405
a’,dol,a,332
mi,a’,smaoineachadh,287
an,toiseach,ann,273
toiseach,ann,an,271
chaidh,am,prògram,267
am,prògram,seo,267
a,chraoladh,an,266
chraoladh,an,toiseach,266
ann,an,seo,242
a,chur,air,237
a,h-uile,duine,202
a,h-uile,càil,170
mi,a’,dol,163
ann,an,sin,162
far,a,bheil,153
a,bhith,ag,151
aig,an,àm,150
smaoineachadh,gu,bheil,126
a,bhith,ann,121
ann,an,dòigh,111
ann,an,uibhist,110
a,chaidh,a,110
a’,dol,air,106
airson,a,bhith,105
gu,bheil,an,105
a,bharrachd,air,105
sam,bith,a,98
gu,bheil,iad,98
mar,gum,biodh,96
a’,smaoineachadh,gu,95
mi,a’,smaointinn,94
a’,coimhead,air,92
ann,an,alba,89
ann,an,glaschu,87
a’,feuchainn,ri,86
a,bhith,air,83
an,rud,a,82
rudan,mar,sin,80
air,feadh,na,79
a,thoirt,air,79
bhith,ag,obair,77
dol,a,chur,77
mi,a’,dèanamh,77
a,bhios,a’,75
sin,a,dhèanamh,74
ann,a,bhith,74
ann,an,le,71
a,dhèanamh,air,71
anns,na,h-eileanan,70
dol,a,dhèanamh,70
mi,an,dòchas,69
mi,air,a,69
an,dòchas,gum,69
anns,an,sgìre,69
air,a,dhol,69
an,le,taing,68
le,taing,do,68
iad,a’,dèanamh,67
a’,smaoineachadh,gur,67
an,dòchas,gun,66
sinn,a’,dol,66
air,feadh,an,65
ag,obair,air,65
iad,a’,dol,64
air,a,dhèanamh,64
an,là,ann,64
aig,a,bheil,62
an,aithris,seo,62
bhith,a’,dol,61
bidh,mi,a’,61
a,bheil,thu,60
ann,an,steòrnabhagh,60
uibhist,a,deas,60
h-uile,càil,a,60
bhith,a’,dèanamh,59
aithris,seo,aig,59
a’,fuireach,ann,58
bidh,sinn,a’,58
air,a’,ghàidhealtachd,58
ann,an,leòdhas,57
an,uibhist,a,57
an,aon,rud,56
air,a,shon,56
thu,ag,iarraidh,56
an,fheadhainn,a,56
mi,a’,creidsinn,56
bhith,ann,an,56
smaointinn,gu,bheil,55
air,a,bheil,55
na,rudan,a,55
seo,ann,an,54
gu,bheil,na,53
nuair,a,bhios,53
ann,an,dùn,53
gu,bhith,a’,53
ann,an,inbhir,53
iad,ag,ràdh,52
aig,an,aon,52
sinn,a’,dèanamh,52
dòchas,gum,bi,52
tro,mheadhan,na,52
feadh,an,t-saoghail,51
anns,a,bheil,51
ag,iarraidh,a,51
fuireach,ann,an,51
duine,sam,bith,51
chur,air,dòigh,51
mheadhan,na,gàidhlig,51
nicdhòmhnaill,bbc,an,51
an,obair,a,50
a,bhith,ga,50
sinn,an,dòchas,50
an,dùn,èideann,50
ann,an,gàidhlig,50
mi,ag,iarraidh,50
là,ann,an,50
ràdh,gu,bheil,49
an,sàs,ann,49
ag,ràdh,gu,49
an,inbhir,nis,49
anns,an,eilean,48
a’,smaoineachadh,gun,48
a,bheil,iad,47
sin,a’,dol,47
fhad,’s,a,47
a,bhith,an,47
an,eilean,sgitheanach,46
mi,ag,ràdh,46
mar,a,thuirt,46
a,bhith,a,46
bheil,iad,a’,46
an,aon,àm,46
a’,dol,gu,45
air,an,eilean,45
a’,dol,dhan,45
mar,as,trice,45
a,chur,ann,45
nuair,a,chaidh,44
an,àm,sin,44
ann,am,baile,44
a,dol,a,44
an,seo,a,43
gu,bheil,mi,43
a’,dol,ann,43
taing,do,caledonia,43
do,caledonia,tv,43
sin,nuair,a,43
air,an,taobh,43
a,bheil,an,43
airson,a’,chiad,43
anns,an,sgoil,43
an,rud,as,43
a,dhol,air,43
gu,bheil,sinn,43
shona,nicdhòmhnaill,bbc,43
a’,tighinn,a-steach,42
aig,an,taigh,42
ann,an,siud,42
mar,phàirt,de,42
bidh,iad,a’,42
a’,còrdadh,rium,41
cinnteach,gu,bheil,41
a’,dol,a-mach,41
gu,math,cudromach,41
air,a,h-uile,41
iad,ag,iarraidh,41
eilidh,nicleòid,bbc,41
nicleòid,bbc,an,41
a,h-uile,rud,40
rud,sam,bith,40
gun,a,bhith,40
na,daoine,a,40
dol,air,adhart,40
gu,bheil,sin,39
’s,ann,an,39
ann,an,ceann,39
uair,sin,a’,39
gu,math,tric,39
mar,a,chanas,39
uibhist,a,tuath,39
h-eileanan,an,iar,38
a’,smaointinn,gu,38
bruidhinn,mu,dheidhinn,38
air,an,sin,38
bhith,a’,cur,38
ag,amas,air,38
sin,a’,ciallachadh,38
an,seo,ann,38
uile,gu,lèir,38
an,latha,an-diugh,38
anns,a’,bhaile,38
sinn,a’,faicinn,37
mi,a’,cur,37
a,h-uile,sìon,37
mi,ann,an,37
h-uile,duine,a,37
nan,eilean,siar,37
a,bhios,ann,37
a,thoirt,do,36
mi,gu,math,36
ag,obair,ann,36
prògram,seo,fuine,36
seo,fuine,a,36
fuine,a,chraoladh,36
sin,an,rud,36
ann,ann,an,36
mar,sin,a,36
dol,air,ais,36
sinn,air,a,36
seo,a,chraoladh,35
a,h-uile,latha,35
a,mhàiri,anna,35
gus,am,bi,35
a’,chiad,uair,35
far,am,bi,35
bhith,gu,math,35
iad,air,a,35
air,a,chur,35
gum,bi,an,35
iad,an,dòchas,35
leis,an,sin,34
an,sin,a,34
an,ìre,mhath,34
airson,a,dhol,34
sin,ann,an,34
a,thuirt,mi,34
thu,a’,dol,34
mi,a’,faireachdainn,34
an,dà,chuid,34
sinn,a’,cur,34
a’,bruidhinn,mu,33
prògram,seo,thuige,33
seo,thuige,seo,33
thuige,seo,a,33
mi,dìreach,a’,33
obair,ann,an,33
a’,dol,ga,33
a-mach,às,an,33
ag,obair,còmhla,33
a,chanas,iad,33
iad,a’,coimhead,33
aon,rud,a,33
thu,a’,cur,33
a’,tighinn,air,33
a,bhith,gu,33
a,bhith,na,33
iad,a’,faighinn,33
àm,ri,teachd,33
na,h-eileanan,an,32
ceart,gu,leòr,32
agam,ann,an,32
mise,a’,smaoineachadh,32
a,cheart,cho,32
seo,a,dhèanamh,32
gu,math,doirbh,32
far,an,do,32
a,chur,an,32
gum,bi,iad,31
nuair,a,thàinig,31
airson,sin,a,31
bhiodh,iad,a’,31
a,bhith,aig,31
ach,mar,a,31
anns,na,bliadhnaichean,31
air,ais,gu,31
chaidh,a,dhèanamh,31
chur,air,an,31
gu,math,nas,31
aig,deireadh,an,31
uair,a,thìde,31
a’,smaoineachadh,gum,31
gu,bheil,a’,31
a,thoirt,seachad,31
sinn,ag,iarraidh,31
anns,a’,chiad,30
bhith,a’,coimhead,30
a,dhol,a,30
air,an,rathad,30
an,leabhar,a,30
nuair,a,thòisich,30
iad,air,an,30
a’,cur,air,30
aon,de,na,30
ann,an,loch,30
a,thogail,ann,30
anns,an,fharsaingeachd,30
coimhead,air,adhart,30
air,an,oidhche,30
a,thoirt,dhan,30
feadh,na,dùthcha,30
andreas,wolff,bbc,30
wolff,bbc,an,30
an,là,glaschu,30
a,bheil,sinn,29
sinn,a’,faighinn,29
‘s,gu,bheil,29
sam,bith,eile,29
dòcha,gu,bheil,29
aig,deireadh,na,29
gu,bheil,thu,29
dhèanamh,ann,an,29
a,th,ann,29
am,measg,nan,29
airson,a,h-uile,29
bheil,sinn,a’,29
iad,ann,an,29
a’,chiad,turas,29
ann,an,àite,29
ach,nuair,a,29
mu,dheidhinn,nan,29
bhon,uair,sin,29
an,seo,aig,29
a,b’,fheàrr,29
mac,a’,ghobhainn,29
cuid,de,na,29
aig,a,h-uile,29
sàs,ann,an,29
a,h-uile,bliadhna,29
aig,an,ìre,29
a,lot,of,29
ann,nuair,a,28
fad,na,h-ùine,28
sin,gu,math,28
’s,mar,sin,28
prògram,seo,aibisidh,28
seo,aibisidh,a,28
aibisidh,a,chraoladh,28
an,t-ainm,a,28
’s,gu,bheil,28
gum,bu,chòir,28
as,motha,a,28
seonaidh,maccoinnich,bbc,28
maccoinnich,bbc,an,28
mi,smaoineachadh,gu,28
air,an,t-saoghal,27
a,dhèanamh,ach,27
ann,an,dà,27
mar,a,thèid,27
anns,a’,choimhearsnachd,27
a’,tighinn,gu,27
sin,a’,toirt,27
mu,dheireadh,a,27
am,measg,na,27
ann,an,sgìre,27
rud,math,a,27
a,bhith,aca,27
thairis,air,na,27
calum,macilleathain,bbc,27
macilleathain,bbc,an,27
air,mar,a,26
a,chaidh,an,26
dèanamh,cinnteach,gu,26
’s,dòcha,nach,26
ann,an,saoghal,26
gu,math,eadar-dhealaichte,26
an,latha,a,26
mi,ag,obair,26
cò,ris,a,26
mi,a’,faicinn,26
dìreach,a’,dol,26
gu,bhith,ann,26
a,chionn,’s,26
a,dhèanamh,airson,26
an,àm,seo,26
sin,mar,a,26
na,h-eilthirich,a,25
mar,sin,dheth,25
a’,cheann,thall,25
iad,gu,math,25
às,dèidh,sin,25
dè,mu,dheidhinn,25
math,a,bhith,25
a,bhios,mi,25
thogail,ann,an,25
ag,ràdh,gum,25
air,taobh,siar,25
sin,air,a,25
ann,an,sgoil,25
dol,a,bhith,25
a,dhol,a-mach,25
iad,a’,tighinn,25
a,chaidh,seachad,25
air,feadh,alba,25
bliadhna,air,ais,25
macleòid,bbc,an,25
riaghaltas,na,h-alba,25
bliadhna,bhon,a,25
prògram,seo,na,24
seo,na,h-eilthirich,24
h-eilthirich,a,chraoladh,24
iad,a’,toirt,24
dìreach,mar,a,24
a’,chiad,leabhar,24
a,dhèanamh,ann,24
a’,dèanamh,sin,24
thu,a’,dèanamh,24
a’,chuid,as,24
an,taobh,eile,24
fuireach,anns,an,24
ann,an,nis,24
anns,a’,bhliadhna,24
gu,leòr,a,24
a’,dèanamh,tòrr,24
gu,bheil,daoine,24
iad,a’,cur,24
againn,ann,an,24
nuair,a,thig,24
air,an,deireadh-sheachdain,24
gum,bi,sinn,24
tòrr,a,bharrachd,24
a’,faicinn,gu,24
a,bhios,an,24
anns,a’,ghàidhlig,24
comhairle,nan,eilean,24
ann,a,sheo,24
bho,air,feadh,24
bheil,a,h-uile,23
bheil,thu,a’,23
bliadhna,a,dh’aois,23
an,sàs,anns,23
mu,dheidhinn,a,23
dol,a,thoirt,23
gu,leòr,ann,23
tu,a,bhith,23
h-uile,duine,a’,23
prògram,seo,an,23
a’,fuireach,anns,23
gu,math,toilichte,23
seo,a’,chiad,23
mi,a,smaointinn,23
am,bi,thu,23
ann,mar,sin,23
ris,a,h-uile,23
ann,an,eachdraidh,23
rudeigin,mar,sin,23
bhith,an,sàs,23
ag,ràdh,gun,23
na,gàidhlig,a,23
air,adhart,gu,23
a’,ciallachadh,gu,23
faicinn,gu,bheil,23
mhìle,‘s,a,23
fhad,‘s,a,23
an,là,inbhir,23
comhairle,na,gàidhealtachd,23
dòmhnallach,bbc,an,23
coinneach,mac,a’,23
gu,leòr,air,22
’s,dòcha,gu,22
ann,mu,dheidhinn,22
ann,an,taigh,22
mi,a’,fuireach,22
chiad,leabhar,a,22
ann,an,lunnainn,22
seo,mar,a,22
dìreach,rud,beag,22
a’,dèanamh,a,22
dìreach,a,bhith,22
gu,leòr,airson,22
‘s,dòcha,gun,22
mar,sin,ach,22
anns,an,taigh,22
anns,an,eaglais,22
mi,a,smaoineachadh,22
crìoch,a,chur,22
bhith,air,a,22
aig,aon,àm,22
ach,aig,an,22
beagan,a,bharrachd,22
gun,d’,fhuair,22
a,bhith,anns,22
an,dòigh,a,22
mu,dheidhinn,an,22
an,taobh,seo,22
a,chì,thu,22
gàidhlig,ann,an,22
leis,gu,bheil,22
bhith,a’,faighinn,22
a,bheil,mi,22
dà,mhìle,‘s,22
air,feadh,nan,22
an,àireamh,de,22
‘s,dòcha,nach,22
san,àm,ri,22
nàiseanta,na,h-alba,22
muinntir,an,àite,22
gu,bheil,a,21
is,rudan,mar,21
faisg,air,an,21
mise,a’,dol,21
mu,dheidhinn,a’,21
a,bhiodh,ann,21
ag,èirigh,suas,21
air,falbh,bhon,21
an,àite,a,21
a,bheil,na,21
uair,sin,a,21
’s,ann,a,21
càil,sam,bith,21
bhith,air,an,21
bi,thu,a’,21
a’,tadhal,air,21
bliadhna,a,dh’,21
an,turas,seo,21
sinn,gu,math,21
ann,air,an,21
air,an,t-slighe,21
ann,gu,bheil,21
a’,dèanamh,an,21
seo,air,a,21
anns,an,àite,21
gu,bheil,am,21
a,chumail,air,21
ann,am,port,21
feadh,na,gàidhealtachd,21
an,eilein,sgitheanaich,21
mi,a,dol,21
smaoineachadh,gum,bi,21
ceann,a,tuath,21
is,mar,sin,21
san,eilean,sgitheanach,21
a’,bhuaidh,a,21
feasgar,math,dhuibh,21
aonghas,dòmhnallach,bbc,21
bhith,a’,bruidhinn,20
an,sin,ach,20
mar,a,bhios,20
bhith,a’,leughadh,20
iad,a,bhith,20
bheil,thu,ag,20
leugh,mi,a,20
a’,dèanamh,seo,20
chuid,as,motha,20
a,dhol,dhan,20
an,seo,air,20
gus,a,bhith,20
a’,smaoineachadh,air,20
ag,èisteachd,ri,20
a,bh,ann,20
‘s,ann,an,20
an,seo,airson,20
leam,a,bhith,20
gu,bheil,seo,20
a,bhith,agad,20
creidsinn,gu,bheil,20
air,sgàth,’s,20
a,chur,ris,20
mar,sin,’s,20
ann,an,iomadach,20
sam,bith,ann,20
air,an,talamh,20
air,ais,dhan,20
a’,bruidhinn,air,20
‘s,ann,air,20
a,thuilleadh,air,20
tighinn,an,seo,20
an,seo,ach,20
ciallachadh,gu,bheil,20
ann,am,breatainn,20
a,chur,ri,20
cheann,a,tuath,20
na,h-alba,a,20
sinn,a’,feuchainn,20
ann,gum,bi,20
aig,eilidh,nicleòid,20
a,deas,na,20
a,dh’,fhalbh,20
ùr,ann,an,20
an,là,nise,20
foghlam,tro,mheadhan,20
an,deireadh,sheachdain,20
às,an,sin,19
ceann,a,deas,19
prògram,seo,leugh,19
seo,leugh,mi,19
mi,a,chraoladh,19
sibh,a’,dèanamh,19
a’,dèanamh,cinnteach,19
am,facal,a,19
a’,tighinn,a-mach,19
ge,bith,dè,19
bharrachd,air,an,19
air,an,làraich,19
sin,a’,cur,19
a’,cur,an,19
ach,an,uair,19
a’,dol,a-steach,19
a,dh’,aois,19
air,mo,làimh,19
ris,an,sin,19
sinn,ann,an,19
na,gàidhlig,ann,19
a,thàinig,an,19
na,b’,fheàrr,19
ach,ann,an,19
sin,a,bhith,19
mu,dheidhinn,na,19
na,h-eileanan,siar,19
as,fheàrr,a,19
bhith,a’,toirt,19
a,chur,seachad,19
air,an,deireadh,19
ann,an,suidheachadh,19
ach,a,rèir,19
air,an,aon,19
a’,tighinn,an,19
sin,a,chur,19
chur,ri,chèile,19
coltach,gu,bheil,19
rudeigin,a,dhèanamh,19
a,chur,gu,19
a’,toirt,cothrom,19
anns,a’,chumantas,19
a,dh’,aindeoin,19
moireasdan,bbc,an,19
rothach,bbc,an,19
a,thèid,an,19
‘s,a,bhith,18
an,ceann,a,18
sinn,a’,bruidhinn,18
gu,math,òg,18
fad,an,latha,18
math,gu,leòr,18
feumaidh,tu,a,18
càite,a,bheil,18
obair,còmhla,ri,18
a’,dol,timcheall,18
iarraidh,a,bhith,18
seo,an,lot,18
an,lot,a,18
lot,a,chraoladh,18
taing,do,mactv,18
anns,an,aon,18
gun,do,rinn,18
thairis,air,an,18
bhith,a’,fuireach,18
bheir,mi,dhut,18
a,chionn,‘s,18
rud,gu,math,18
iad,a’,feuchainn,18
air,a,chèile,18
mi,air,ais,18
dhut,a,bhith,18
daoine,a,bhith,18
anns,na,hearadh,18
fear,de,na,18
ach,anns,an,18
cur,air,dòigh,18
mar,sin,air,18
a’,toirt,taic,18
cho,math,‘s,18
a’,fàs,nas,18
ga,chur,air,18
a’,tighinn,còmhla,18
a’,toirt,air,18
mar,a,chì,18
a,dhèanamh,a,18
a’,chiad,chogaidh,18
ùr,a,thogail,18
às,a’,cheud,18
a,dhèanamh,an,18
uairean,a,thìde,18
chumail,ann,an,18
mun,chost,an,18
an,là,an,18
dha,na,h-eileanan,18
aca,ann,an,17
dol,a,thachairt,17
a,thaobh,a,17
seo,ann,am,17
aig,a’,cheart,17
a’,cheart,àm,17
aig,a’,cheann,17
eadar,an,dà,17
a’,coimhead,às,17
ann,airson,a,17
a’,smaointinn,gun,17
a’,còrdadh,ris,17
‘s,an,uair,17
anns,an,oilthigh,17
na,bliadhnaichean,a,17
a’,faighinn,a-mach,17
a,dhèanamh,le,17
dhomh,a,bhith,17
a,dhìth,air,17
mi,gu,bheil,17
rud,as,cudromaiche,17
teagamh,sam,bith,17
an,aon,àite,17
mar,a,chaidh,17
gu,ìre,mhòr,17
às,an,eilean,17
a,gheibh,thu,17
a’,smaoineachadh,a,17
nach,b’,urrainn,17
a,bu,chòir,17
a,thoirt,a-steach,17
a’,toirt,seachad,17
còmhla,ris,an,17
ann,am,barraigh,17
’s,dòcha,gun,17
sinn,a’,toirt,17
gum,faigh,sinn,17
nas,fheàrr,na,17
gu,math,luath,17
gu,math,duilich,17
an,dòchas,gu,17
a,bhith,ro,17
air,mo,chùlaibh,17
airson,dèanamh,cinnteach,17
cinnteach,gum,bi,17
aig,a’,char,17
a’,char,as,17
sinn,ag,obair,17
a’,tighinn,a-staigh,17
a,thèid,a,17
ag,ràdh,nach,17
an,ìre,seo,17
a,thaobh,an,17
halò,is,mise,17
na,h-alba,air,17
chost,an,iar,17
a,chumail,ann,17
là,inbhir,nis,17
dòmhnall,moireasdan,bbc,17
math,gu,bheil,16
mar,phàirt,den,16
thu,a’,smaoineachadh,16
mi,an,uair,16
mu,dheidhinn,sin,16
fad,’s,a,16
an,siud,’s,16
cho,fad,’s,16
mi,a’,coimhead,16
coimhead,às,dèidh,16
ag,innse,dhomh,16
am,fear,seo,16
a,chur,dhan,16
a,rèir,choltais,16
anns,a,h-uile,16
ceud,gu,leth,16
an,sin,’s,16
uair,sam,bith,16
bhios,mi,a’,16
a,rinn,mi,16
an,àm,a,16
an,t-seachdain,sa,16
chì,sinn,dè,16
’s,a,ghabhas,16
a’,tighinn,a,16
a,dhol,a-steach,16
air,falbh,bho,16
ann,an,uair,16
‘s,ann,a,16
a-staigh,an,seo,16
eòlach,air,a,16
deireadh,an,latha,16
mi,a’,feuchainn,16
mise,ann,an,16
dha,na,daoine,16
a’,dol,sìos,16
b’,urrainn,dhomh,16
airson,an,obair,16
seo,a,bhith,16
do,dhaoine,a,16
anns,an,t-saoghal,16
nas,fhaide,air,16
na,daoine,sin,16
air,an,seo,16
leig,thu,leas,16
fad,an,t-siubhail,16
a,b’,àbhaist,16
dhaibh,a,bhith,16
am,fear,a,16
ann,am,meadhan,16
a’,faireachdainn,gu,16
anns,an,dòigh,16
cheann,a,deas,16
ann,an,àiteachan,16
gu,bheil,tòrr,16
gu,math,trang,16
ùr,a,chur,16
bheil,sin,a’,16
thu,a’,faighinn,16
sam,bith,air,16
sin,a’,tachairt,16
a’,dol,an,16
sgoil,ghàidhlig,ghlaschu,16
a’,gabhail,pàirt,16
air,an,àrd-ùrlar,16
bharrachd,air,sin,16
am,port,rìgh,16
a,dhèanamh,nas,16
bho,chionn,ghoirid,16
mi,smaointinn,gu,16
a,bhith,dèanamh,16
sabhal,mòr,ostaig,16
dòmhnall,maclaomainn,bbc,16
maclaomainn,bbc,an,16
na,sgìre,a,16
seo,aig,eilidh,16
an,togalach,a,16
aig,shona,nicdhòmhnaill,16
loch,nam,madadh,16
sin,a’,coimhead,15
mar,a,bhiodh,15
uair,sin,air,15
air,ais,a,15
a’,cur,seachad,15
a’,còrdadh,ri,15
ann,an,ùine,15
mi,air,mo,15
an,seo,’s,15
gu,math,furasta,15
às,dèidh,a,15
prògram,seo,balaich,15
seo,balaich,a,15
balaich,a,bhìobaill,15
a,bhìobaill,a,15
bhìobaill,a,chraoladh,15
deiseil,airson,a,15
nuair,a,bhiodh,15
bhith,ag,ràdh,15
prògram,seo,beul,15
seo,beul,chainnt,15
beul,chainnt,a,15
chainnt,a,chraoladh,15
dè,mar,a,15
ann,aig,an,15
dhèanamh,air,an,15
mi,anns,an,15
na,roinn,eòrpa,15
no,mar,sin,15
dol,dhan,eaglais,15
sinn,a,bhith,15
prògram,seo,alleluia,15
seo,alleluia,a,15
alleluia,a,chraoladh,15
ann,an,dòighean,15
mi,a’,toirt,15
uair,sin,nuair,15
taobh,siar,na,15
an,sgìre,seo,15
mòr,ann,an,15
bheil,fhios,agad,15
ach,‘s,dòcha,15
d’,fhuair,mi,15
gu,leòr,a’,15
iad,a’,gabhail,15
seo,gu,math,15
a’,tighinn,às,15
ann,an,iomadh,15
’s,toigh,leam,15
bheil,mi,a’,15
an,t-eilean,sgitheanach,15
’s,ann,ann,15
air,ais,ann,15
dìreach,air,a,15
a,bhith,deiseil,15
sin,a’,dèanamh,15
a’,dol,a-staigh,15
dol,a,dh’fhaighinn,15
a’,coimhead,math,15
air,an,latha,15
bhios,tu,a’,15
tu,a’,dèanamh,15
urrainn,dhuinn,a,15
a’,chiad,rud,15
iad,a’,bruidhinn,15
aig,an,deireadh,15
sin,air,adhart,15
den,t-seòrsa,sin,15
am,measg,an,15
bhon,a,thòisich,15
a’,dol,suas,15
toirt,sùil,air,15
gus,an,tig,15
air,a’,chiad,15
gu,bhith,air,15
math,‘s,a,15
toilichte,gu,bheil,15
dhan,h-uile,duine,15
a,bhith,againn,15
ann,an,new,15
ann,an,diofar,15
mi,a’,tuigsinn,15
a,chleachdadh,airson,15
sinn,a’,coimhead,15
coimhead,air,na,15
iad,ag,obair,15
daoine,a’,tighinn,15
còmhla,ann,an,15
a,dhol,gu,15
air,a’,bhliadhna,15
bi,sinn,a’,15
bi,iad,a’,15
rud,beag,nas,15
bheachd,gu,bheil,15
bhon,a,chaidh,15
airgead,a,thogail,15
an,aithris-sa,aig,15
deas,na,dùthcha,15
chaidh,a,chur,15
ach,‘s,ann,15
an,là,steòrnabhagh,15
dòchas,ann,gun,15
mi,smaoineachadh,gum,15
nicdhòmhnaill,ag,aithris,15
thathar,an,dòchas,15
an,là,air,15
air,na,h-eileanan,15
cho,cudromach,‘s,15
cudromach,‘s,a,15
sùil,air,adhart,15
kerr,gibb,bbc,15
gibb,bbc,an,15
mun,cuairt,air,14
a’,dol,airson,14
ag,innse,dhuinn,14
gu,bhith,na,14
a,thòisich,mi,14
sin,anns,an,14
sin,a’,chiad,14
a,bhiodh,tu,14
a,bhith,gan,14
mhòr,a,h-uile,14
a,bheil,sibh,14
eòlach,gu,leòr,14
air,gach,taobh,14
sin,air,an,14
a’,chiad,fhacal,14
a,h-uile,seòrsa,14
bhith,ag,èisteachd,14
fhèin,ann,an,14
uair,sin,an,14
ach,a,bharrachd,14
gu,math,fortanach,14
an,aon,seòrsa,14
bhiodh,sinn,a’,14
a’,ghàidhlig,a,14
dhuine,sam,bith,14
an,d’,fhuair,14
dèidh,a,bhith,14
anns,an,latha,14
ann,an,ìle,14
a,bhios,tu,14
a’,feuchainn,ris,14
rud,no,dhà,14
chiad,turas,a,14
ag,obair,aig,14
am,broinn,an,14
bidh,mise,a’,14
a’,cur,ann,14
cheud,gu,leth,14
ag,ràdh,gur,14
a,bhios,iad,14
air,a,chleachdadh,14
a,bhiodh,a’,14
san,latha,an-diugh,14
air,ais,air,14
a,thoirt,dha,14
urrainn,dhut,a,14
urrainn,dhomh,a,14
gu,math,faisg,14
no,rudeigin,mar,14
bidh,mi,ag,14
fhios,a’m,an,14
airson,a,chur,14
a,dol,air,14
dòchas,gu,bheil,14
chaidh,a,thogail,14
b’,urrainn,dhaibh,14
a,chur,a-mach,14
airson,a,dhèanamh,14
dòchas,gun,toir,14
b’,fheàrr,a,14
an,seo,an,14
ach,a,dh’aindeoin,14
’s,gum,bi,14
an,taobh,siar,14
gus,am,faigh,14
beag,air,bheag,14
anns,an,leabhar,14
ann,am,muile,14
a’,bruidhinn,gàidhlig,14
air,na,bliadhnaichean,14
a’,dol,aig,14
ann,bhon,a,14
fhios,agad,’s,14
eaglais,na,h-alba,14
aig,an,toiseach,14
air,sgàth,‘s,14
air,a,thoirt,14
a,bharrachd,a,14
sinn,a’,tòiseachadh,14
pàirt,a,ghabhail,14
a,tuath,na,14
an,ath,bhliadhna,14
mar,phàirt,dhen,14
le,tuilleadh,seo,14
gun,tèid,an,14
an,là,uibhist,14
dualchas,nàdair,na,14
nàdair,na,h-alba,14
chur,air,bhog,14
seo,a’,toirt,14
ghàidhlig,inbhir,nis,14
ghobhainn,bbc,an,14
mi,smaoineachadh,gur,14
ag,ràdh,rium,13
sin,ag,innse,13
a’,dèanamh,na,13
ach,a,bhith,13
dòigh,sam,bith,13
eile,ann,an,13
a’,cumail,sùil,13
iad,an,uair,13
aon,dhe,na,13
sin,far,a,13
anns,an,àm,13
an,taobh,sear,13
fhios,agad,a,13
’s,rudan,mar,13
a’,smaointinn,gur,13
’s,an,uair,13
do,dhuine,sam,13
cò,às,a,13
a’,cleachdadh,an,13
seach,a,bhith,13
a-mach,às,a’,13
dol,a,dh’fheuchainn,13
leis,a,h-uile,13
air,na,jackenfilisters,13
’s,dòcha,gum,13
dòcha,gum,bi,13
a-nis,a’,dol,13
aig,an,oilthigh,13
seo,air,an,13
againne,ann,an,13
seo,a,chur,13
mu,dheidhinn,dè,13
aig,toiseach,na,13
mi,a,ràdh,13
an,seo,‘s,13
dad,sam,bith,13
gu,dearbh,fhèin,13
ann,air,sgàth,13
agam,air,an,13
faisg,air,làimh,13
smaoineachadh,mu,dheidhinn,13
gu,tur,eadar-dhealaichte,13
mi,eòlach,air,13
sin,gu,bheil,13
sin,chaidh,am,13
saoghal,na,gàidhlig,13
radio,nan,gàidheal,13
ann,an,gallaibh,13
an,dà,rud,13
aig,an,deireadh-sheachdain,13
h-uile,duine,eile,13
a,chur,a-steach,13
fear,dhe,na,13
a,bu,mhotha,13
bu,mhotha,a,13
còmhla,ris,a’,13
an,seo,an-diugh,13
mi,air,an,13
taic,a,thoirt,13
air,a,thighinn,13
a,h-uile,seachdain,13
a,rinn,iad,13
ag,obair,le,13
chumail,a’,dol,13
fàs,gu,math,13
dhuinn,a,bhith,13
a’,toirt,sùil,13
bharrachd,air,a,13
seo,a’,dol,13
thoirt,air,an,13
a,bhith,faiceallach,13
a,thoirt,gu,13
thu,ann,an,13
anns,a’,ghearastan,13
far,an,deach,13
a,chì,sibh,13
b’,urrainn,dhuinn,13
an,dà,mhìle,13
nuair,a,chì,13
ionnsachadh,mu,dheidhinn,13
cuid,dhe,na,13
air,adhart,ris,13
a’,beachdachadh,air,13
mar,as,àbhaist,13
dhan,fheadhainn,a,13
a,bhith,a',13
le,bhith,a’,13
cumail,a’,dol,13
bheil,iad,ag,13
chaidh,a’,chiad,13
air,dà,cheud,13
sùil,a,thoirt,13
gum,bi,a’,13
na,h-eileanan,mu,13
h-eileanan,mu,thuath,13
moireasdan,ag,aithris,13
iad,ag,amas,13
ruaraidh,rothach,bbc,13
an,ath,cheum,13
là,ann,am,13
a-nis,ag,aithris,13
‘s,dòcha,gu,13
a’,ghobhainn,bbc,13
an,sin,cuideachd,12
cho,luath,‘s,12
mar,sin,‘s,12
airson,daoine,a,12
a’,mhòr-chuid,de,12
air,sin,a,12
a,chaidh,mi,12
chaidh,mi,dhan,12
nach,do,rinn,12
do,rinn,mi,12
dè,seòrsa,rud,12
dìreach,a’,dèanamh,12
a’,dèanamh,air,12
glè,mhath,a,12
a,fhuair,mi,12
dè,cho,fada,12
bhith,a’,cumail,12
an,taca,ri,12
gum,biodh,na,12
mar,a,chanadh,12
a,chanadh,iad,12
bidh,a,h-uile,12
ann,an,obair,12
ag,obair,anns,12
a,thuirt,thu,12
a,chuala,mi,12
mi,a’,faighinn,12
uair,sin,ach,12
bhith,a’,cleachdadh,12
a’,faicinn,an,12
a,bhios,ag,12
a,bhith,nam,12
a,thaobh,na,12
gun,teagamh,sam,12
air,atharrachadh,gu,12
mi,a’,bruidhinn,12
gum,bi,na,12
seo,an,rud,12
an-sàs,ann,an,12
ann,an,aon,12
a’,chiad,latha,12
cho,mòr,‘s,12
mi,a’,cleachdadh,12
mise,a’,dèanamh,12
a,bhiodh,iad,12
a’,bruidhinn,ri,12
bheil,mi,air,12
an,dòchas,nach,12
bhith,ag,ionnsachadh,12
na,gàidhlig,ach,12
a,thoirt,às,12
air,an,obair,12
air,an,eadar-lìon,12
mise,air,a,12
càil,a,dh’fhios,12
rud,ris,an,12
a,dh’aindeoin,sin,12
an,dòigh,anns,12
uair,sin,bidh,12
às,a,thàinig,12
seach,gu,bheil,12
rudan,a,dhèanamh,12
na,leabhraichean,a,12
de,na,rudan,12
an,iomadach,dòigh,12
gu,math,mòr,12
obair,air,an,12
air,an,rud,12
a,dh’,fhaodadh,12
dol,a,ràdh,12
ann,am,beurla,12
agam,nuair,a,12
a,dhà,no,12
a’,dèanamh,rudan,12
gu,bheil,barrachd,12
an,dèidh,sin,12
seo,a’,tachairt,12
bheil,seo,a’,12
a’,faighinn,air,12
a,bhith,bruidhinn,12
a’,fàs,suas,12
am,bi,iad,12
sinn,an,uair,12
air,na,rudan,12
an,leabhar,seo,12
nuair,a,thèid,12
chaidh,a,stèidheachadh,12
feumaidh,sinn,a,12
a’,faicinn,na,12
fuireach,an,seo,12
thar,nam,bliadhnaichean,12
smaoineachadh,gum,biodh,12
air,an,taigh,12
’s,bidh,mi,12
seo,a’,tighinn,12
iad,an,seo,12
am,b’,urrainn,12
gu,dearbha,fhèin,12
air,an,dùthaich,12
bu,chòir,dhuinn,12
a,bhith,nas,12
an,roinn,eòrpa,12
ann,am,beinn,12
am,beinn,na,12
beinn,na,faoghla,12
anns,a’,mhadainn,12
thu,gu,math,12
anns,an,dùthaich,12
ag,ionnsachadh,mu,12
air,a’,bhaile,12
cho,math,ri,12
am,bi,an,12
fàgail,gu,bheil,12
a’,chuid,mhòr,12
bhliadhna,a,chaidh,12
a,dhèanamh,anns,12
am,measg,eile,12
an,dòigh,as,12
an,sgìre,a,12
àite,sam,bith,12
gum,bi,a,12
iad,a’,faicinn,12
an,dàrna,leth,12
dhan,a,h-uile,12
ann,a,shin,12
a,thogail,airson,12
an,àm,ri,12
bliadhna,ann,bhon,12
stad,a,chur,12
math,dhuibh,uill,12
chur,gu,feum,12
dòmhnall,moireasdan,ag,12
a,dh’,fhaicinn,12
‘s,iad,a’,12
chur,air,adhart,12
an,dòchas,a,12
an,là,dùn,12
dùil,gum,bi,12
oifis,a’,phuist,12
an,duine,a,11
taobh,an,iar,11
bidh,sinn,an,11
air,leth,cudromach,11
sheinn,am,bàrd,11
a’,smaointinn,gum,11
aig,a’,mhòd,11
rud,a,bhiodh,11
bhiodh,tu,a’,11
rium,gu,mòr,11
mar,a,thachair,11
an,cothrom,a,11
sàs,anns,an,11
agad,gu,bheil,11
ann,am,foghlam,11
a’,toirt,dhuinn,11
a,thaobh,nan,11
còmhla,ri,chèile,11
bhiodh,mo,mhàthair,11
fhios,agad,a’,11
rud,eile,a,11
a,bhith,cho,11
an,seo,anns,11
àite,a,bhith,11
iad,ag,innse,11
aig,màiri,anna,11
ann,anns,an,11
nam,biodh,tu,11
mur,a,biodh,11
dol,ann,an,11
‘s,a,h-uile,11
a’,coimhead,airson,11
na,mo,bheatha,11
ann,an,a,11
o,chionn,ghoirid,11
ann,an,canada,11
nas,fhaide,na,11
bhith,ga,dhèanamh,11
dìreach,a’,cur,11
ann,an,eilean,11
sin,a,rinn,11
gum,bi,mi,11
agam,gu,bheil,11
fhios,a,'m,11
seo,’s,dòcha,11
aig,na,sgiobaidhean,11
a,bhios,aig,11
cho,math,’s,11
atharrachadh,gu,mòr,11
a,bheil,am,11
dìreach,gu,bheil,11
ann,an,obar,11
an,obar,dheathain,11
a’,creidsinn,gu,11
ann,mar,a,11
mar,bu,chòir,11
toiseach,na,bliadhna,11
còmhla,ri,iain,11
ann,an,griomasaigh,11
airson,taic,a,11
gu,ruige,seo,11
’s,a,bhios,11
agad,ann,an,11
feumaidh,a,h-uile,11
againn,an,seo,11
eile,air,a,11
ais,ann,an,11
a,thoirt,dhaibh,11
mi,fhìn,a’,11
sam,bith,aig,11
fheàrr,a,bhith,11
na,chaidh,a,11
follaiseach,gu,bheil,11
an,saoghal,na,11
taobh,siar,leòdhais,11
a,dhol,ann,11
anns,an,teaghlach,11
ach,’s,dòcha,11
a,dhèanamh,’s,11
agam,a,bhith,11
chiad,rud,a,11
a’,faighinn,an,11
a’,tachairt,anns,11
oilthigh,obar,dheathain,11
an,dèidh,a,11
a,fhuair,sinn,11
an,uiread,de,11
dha,a,bhith,11
gu,math,eòlach,11
bu,chòir,dhut,11
bheil,iad,air,11
a,chur,suas,11
ach,’s,ann,11
a,bheil,sin,11
a’,cheist,a,11
ach,a,bheil,11
obair,a,dhèanamh,11
air,a,son,11
an,taigh,a,11
bliadhna,no,dhà,11
thaobh,a,bhith,11
air,a,sgrìobhadh,11
a,rèir,an,11
coimhead,glè,mhath,11
chun,an,latha,11
còrr,air,dà,11
a’,tighinn,bho,11
’s,ann,air,11
a’,gabhail,àite,11
ann,an,tiriodh,11
toigh,leam,a,11
ann,a,thaobh,11
ag,iarraidh,air,11
seo,mar,phàirt,11
dèanamh,deiseil,airson,11
h-uile,rud,a,11
cothrom,a,thoirt,11
gabhail,pàirt,ann,11
a,thòisich,sinn,11
a,chosg,air,11
a,h-uile,coltas,11
ann,an,cunnart,11
stèidheachadh,ann,an,11
stèidhichte,ann,an,11
a,thogail,air,11
an,t-uisge,a,11
sinn,a’,sùileachadh,11
a,chumail,ri,11
timcheall,air,an,11
feumaidh,mi,ràdh,11
dhaoine,ann,an,11
mi,dol,a,11
gum,bi,barrachd,11
bhith,a’,tighinn,11
air,dòigh,airson,11
tro,na,h-eileanan,11
eilidh,nicleòid,ag,11
nicleòid,ag,aithris,11
feadh,nan,eilean,11
a’,tighinn,bhon,11
chur,air,bhonn,11
ann,gun,tèid,11
sealltainn,gu,bheil,11
a’,tighinn,ann,11
siorrachd,obar,dheathain,11
muinntir,na,sgìre,11
na,h-alba,a’,11
chaidh,a,sgrìobhadh,11
some,of,the,11
a’,chùis,air,11
one,of,the,11
shona,nicdhòmhnaill,ag,11
a’,gabhail,a-steach,11
air,bbc,alba,11
ann,an,sheo,11
a,chaill,am,11
a,bhith,dol,11
a’,tòiseachadh,le,10
an,t-saoghal,a,10
luath,‘s,a,10
b’,ann,an,10
a,rèir,na,10
prògram,seo,sheinn,10
seo,sheinn,am,10
am,bàrd,a,10
bàrd,a,chraoladh,10
ùidh,ann,an,10
mi,smaoineachadh,gun,10
a’,dol,tron,10
gum,biodh,a’,10
mar,sin,a’,10
tighinn,a-steach,dhan,10
air,a’,cheann,10
air,an,fhear,10
seòrsa,rud,a,10
còrdadh,rium,gu,10
nuair,a,thill,10
dè,cho,fad,10
anns,a’,cholaiste,10
math,gu,math,10
a,th,air,10
gum,biodh,iad,10
fada,air,falbh,10
duine,a’,faighinn,10
ag,innse,na,10
mi,a’,tighinn,10
seo,a’,ciallachadh,10
’s,ann,aig,10
ann,an,’s,10
air,an,lot,10
thoirt,dha,na,10
a,bhith,a-muigh,10
iarraidh,a,dhèanamh,10
sin,fhios,agad,10
thu,ga,dhèanamh,10
na,h-eileanan,a,10
’s,a,h-uile,10
ann,an,leabhar,10
a,bhith,caran,10
chur,ann,an,10
anns,a’,mheadhan,10
sin,an,seòrsa,10
a,thòisich,an,10
ann,an,uill,10
sin,a,bhios,10
ann,am,beatha,10
faireachdainn,gu,math,10
air,an,eaglais,10
seo,an,dàrna,10
no,dhà,ann,10
thòisich,mi,a’,10
a,bhith,agam,10
dhèanamh,nuair,a,10
ann,ann,am,10
a,dhol,à,10
blàr,chùil,lodair,10
às,a,chèile,10
ann,an,siorrachd,10
ris,a’,chloinn,10
às,a,dhèidh,10
a’,ciallachadh,nach,10
thu,a’,faicinn,10
fhèin,a’,dèanamh,10
b’,urrainn,dha,10
an,uair,a,10
feumaidh,mi,a,10
sin,glè,mhath,10
a,dh’,aithghearr,10
chreid,mi,nach,10
ann,an,slèite,10
a’,smaoineachadh,an,10
mo,làimh,dheis,10
aca,air,an,10
is,a,h-uile,10
bidh,iad,ag,10
na,do,bheatha,10
iad,fhèin,a’,10
mi,a,creidsinn,10
feuchainn,ri,bhith,10
mi,gu,bhith,10
b’,urrainn,dhut,10
urrainn,dhaibh,a,10
chun,na,h-ìre,10
mar,seo,a,10
an,sin,chaidh,10
gus,an,tèid,10
a’,creidsinn,gun,10
’s,dòcha,gur,10
dà,uair,a,10
mar,sin,bidh,10
sin,bidh,mi,10
mi,nuair,a,10
san,latha,a,10
dèanamh,a,h-uile,10
fhaicinn,ann,an,10
a,bhios,sinn,10
sinn,a’,cluich,10
coimhead,air,an,10
a’,chiad,cheum,10
an,seo,cuideachd,10
anns,a’,gheamhradh,10
bhith,a’,cluich,10
a,thoirt,a-mach,10
de,na,daoine,10
a,dhèanamh,cuideachd,10
sin,air,a’,10
bith,a,dhèanamh,10
thoirt,air,falbh,10
seo,far,a,10
gum,b’,urrainn,10
an,dòigh,sin,10
toirt,air,daoine,10
an,do,chuir,10
an,fheadhainn,as,10
na,gàidhealtachd,air,10
bhith,air,a’,10
gu,leòr,ach,10
ged,a,chaidh,10
agam,an,seo,10
là,na,sàbaid,10
eile,air,an,10
mi,dìreach,ag,10
dìreach,ag,iarraidh,10
biodh,tu,a’,10
gu,h-àraidh,nuair,10
h-àraidh,nuair,a,10
air,adhart,ri,10
uabhasach,fhèin,math,10
bhith,a’,tachairt,10
rud,mar,sin,10
dèanamh,cinnteach,gum,10
anns,na,coimhearsnachdan,10
gu,bheil,sibh,10
air,an,cur,10
airson,’s,gum,10
a-nis,gu,bheil,10
no,dhà,a,10
bhith,anns,a’,10
ùidh,agam,ann,10
anns,na,sgìrean,10
an,loch,abar,10
cothrom,a,bhith,10
a,bhith,uabhasach,10
a’,coimhead,glè,10
buaidh,a,thoirt,10
a’,toirt,buaidh,10
toirt,buaidh,air,10
gu,bheil,ùidh,10
cur,fàilte,air,10
bho,chionn,bliadhna,10
a’,dèanamh,deiseil,10
fàilte,a,chur,10
air,daoine,a,10
gum,biodh,an,10
mu,dheireadh,thall,10
tòrr,nas,fheàrr,10
air,a’,phrògram,10
fhios,agam,dè,10
eòlach,air,an,10
ann,an,astràilia,10
bu,chòir,dha,10
coimhead,gu,math,10
a’,dèanamh,dragh,10
cuideachd,mar,a,10
ann,an,nise,10
dol,a,dh’,10
h-uile,duine,ag,10
a’,bhliadhna,a,10
fhèin,air,a,10
a’,fàgail,gu,10
uair,an,uaireadair,10
a’,fuireach,air,10
air,sgàth,sin,10
a,bhith,dìreach,10
bi,a,h-uile,10
mi,cinnteach,gum,10
aig,an,sgoil,10
anns,a’,chogadh,10
a,chumail,anns,10
a,bhios,na,10
duine,a,bhith,10
ag,iarraidh,an,10
tighinn,air,ais,10
bhith,a’,fàs,10
obair,mhòr,a,10
dòchas,gun,tèid,10
an,àite,seo,10
airson,airgead,a,10
air,an,dòigh,10
ag,obair,an,10
a’,tighinn,dhan,10
air,sgàth,gu,10
sgàth,gu,bheil,10
bidh,cothrom,aig,10
aig,sabhal,mòr,10
còrr,is,mìle,10
an,là,an-diugh,10
urras,nàiseanta,na,10
seo,aonghas,dòmhnallach,10
going,to,be,10
chur,air,chois,10
mu,thimcheall,air,10
bliadhna,as,dèidh,10
mòr,a,dhèanamh,10
a’,sealltainn,gu,10
at,the,moment,10
teagaisg,tro,mheadhan,10
là,dùn,èideann,10
leis,a,bheil,10
dhèanamh,air,na,10
deireadh,na,seachdain,10
a,chumail,a’,10
bho,chionn,còrr,10
toirt,cothrom,do,10
ag,obair,gu,10
ann,an,cuid,10
feadh,na,h-alba,10
comharrachadh,gu,bheil,10
gàidhlig,a,bhith,10
a’,comharrachadh,bliadhna,10
geamaichean,a’,cho-fhlaitheis,10
celsius,aig,a’,10
char,as,àirde,10
seonaidh,maccoinnich,ag,10
maccoinnich,ag,aithris,10
air,an,àite,10
bun-sgoil,ghàidhlig,inbhir,10
mu,cheann,a,10
oilthigh,dhùn,èideann,10
ann,an,àitichean,10
chaill,am,beatha,10
a,dh’,fhosgail,10
air,a’,chladach,9
mionaid,no,dhà,9
uabhasach,math,air,9
dà,cheud,bliadhna,9
gu,bheil,fhios,9
ann,an,talla,9
a’,toirt,an,9
ciaradh,an,fheasgair,9
sin,a’,tighinn,9
deireadh,na,bliadhna,9
sin,an,aon,9
thu,ag,èirigh,9
fad,mo,bheatha,9
gu,h-àraidh,ann,9
a,rinn,thu,9
bhith,a’,siubhal,9
air,tighinn,air,9
an,dòigh,sam,9
an,seo,mar,9
bidh,mi,ga,9
gu,math,gu,9
gu,math,beag,9
thu,a’,toirt,9
dol,dha,na,9
nan,daoine,a,9
a,rèir,mar,9
rèir,mar,a,9
an,fhìrinn,a,9
bheil,an,fhìrinn,9
am,measg,nam,9
a,deas,a,9
ag,obair,mar,9
sam,bith,mar,9
aige,ann,an,9
ann,air,a’,9
‘s,toigh,leam,9
cho,fada,air,9
an,sgoil,a,9
a’,dèanamh,uill,9
’s,nuair,a,9
agad,nuair,a,9
a,leugh,mi,9
feum,sam,bith,9
suas,ann,an,9
a,rinn,an,9
an,seo,fhèin,9
an,dithis,aca,9
a,chur,sìos,9
a,chunnaic,mi,9
gu,math,làidir,9
ann,an,dachaigh,9
gu,bheil,mòran,9
air,an,cleachdadh,9
ò,gu,dearbh,9
sinn,aig,an,9
àite,far,am,9
càite,am,bi,9
sùil,air,an,9
agam,ri,dhèanamh,9
a-staigh,ann,an,9
gu,bheil,cothrom,9
a,thàinig,mi,9
air,a,chumail,9
ag,iarraidh,sin,9
a’,ciallachadh,gum,9
sinn,a’,tighinn,9
an,dùil,gum,9
ann,às,an,9
a,bhiodh,aig,9
de,dhaoine,a’,9
dhaoine,a’,tighinn,9
rud,as,motha,9
a’,chiad,bhliadhna,9
a,bhios,mise,9
furasta,gu,leòr,9
thu,air,an,9
anns,na,làithean,9
mi,cinnteach,gu,9
dòchas,gun,tig,9
dà,sgioba,de,9
mo,làimh,chlì,9
iain,an,turas,9
sinn,anns,an,9
às,an,dèidh,9
rud,a,bhios,9
nan,gàidheal,a,9
’s,ann,à,9
tighinn,air,adhart,9
sibh,air,a,9
cheart,cho,math,9
h-uile,duine,air,9
shìos,ann,an,9
an,sin,air,9
math,doirbh,a,9
‘s,ann,aig,9
fhios,a’m,dè,9
math,faisg,air,9
glè,bheag,de,9
cho,faisg,air,9
seo,far,an,9
sin,ged,a,9
mìle,gu,leth,9
cuideachd,gu,bheil,9
a,thathas,a’,9
bhith,a’,gabhail,9
a,bhith,beò,9
aig,m’,athair,9
bhith,a’,teagaisg,9
a,dhèanamh,eadar,9
thall,ann,an,9
air,taobh,a-muigh,9
sin,’s,dòcha,9
ann,an,afraga,9
às,na,h-eileanan,9
air,an,trèana,9
air,an,t-sràid,9
air,na,daoine,9
bith,ann,an,9
càil,mar,sin,9
fhios,aig,a,9
daoine,ag,iarraidh,9
dh’,fhaodadh,a,9
a’,chiad,fhear,9
sin,gu,bhith,9
iad,a’,fàs,9
rium,a,bhith,9
anns,an,dàrna,9
a,dhèanamh,nuair,9
mi,an,sàs,9
ann,am,bliadhna,9
bhith,a’,seinn,9
co,às,a,9
obair,anns,an,9
a’,faighinn,cothrom,9
nuair,a,smaoinicheas,9
iad,air,ais,9
bhios,a’,dol,9
fhèin,a,dhèanamh,9
faisg,air,a,9
a,thoirt,dhuinn,9
faireachdainn,gu,bheil,9
sinn,a’,fuireach,9
rudan,mar,seo,9
air,adhart,ach,9
an,eilean,a,9
duine,no,dithis,9
a’,dol,anns,9
gu,mòr,an,9
nach,bu,chòir,9
air,an,dà,9
às,an,seo,9
na,hearadh,air,9
eile,a’,dol,9
fhaodadh,a,bhith,9
ach,air,an,9
a’,cur,nan,9
gu,bhith,againn,9
a,ràdh,gun,9
mi,’n,dòchas,9
a’,fuireach,an,9
mi,a’,fàs,9
an,tè,a,9
a’,tòiseachadh,air,9
mi,cinnteach,gun,9
a’,faireachdainn,gun,9
a,chur,ceart,9
a,chur,a,9
d’,fhuair,iad,9
a,dhèanamh,leis,9
dà,bhliadhna,a,9
gu,math,inntinneach,9
na,h-alba,an,9
a’,choimhearsnachd,a,9
a’,coimhead,ri,9
còmhla,ris,na,9
a’,cur,a’,9
ann,an,tòrr,9
ann,dha,na,9
bidh,thu,a’,9
a,thoirt,dhomh,9
gu,math,sìmplidh,9
air,tighinn,còmhla,9
am,bu,chòir,9
a’,dol,chun,9
thoirt,air,adhart,9
a-mhàin,gu,bheil,9
thu,air,a,9
a,bhith,nad,9
bheil,gu,leòr,9
glè,mhath,air,9
a,dhùn,èideann,9
a’,fàs,gu,9
coimhead,air,ais,9
‘s,dòcha,gur,9
an,dàrna,cogaidh,9
meadhan,a’,bhaile,9
a,dh’,fhàg,9
a-mach,air,an,9
new,south,wales,9
chur,an,sàs,9
air,an,rèidio,9
an,lùib,a,9
a’,coimhead,gu,9
ag,iarraidh,orm,9
an,rud,ceart,9
anns,an,àrd-sgoil,9
air,a,ràdh,9
an,eilein,a,9
a’,bhaile,a,9
air,a’,mhullach,9
airson,’s,gun,9
ag,obair,airson,9
daoine,ann,an,9
an,seo,gu,9
dhèanamh,mu,dheidhinn,9
a’,smaoineachadh,nach,9
chur,air,a’,9
as,dèidh,sin,9
dà,cheud,mìle,9
bidh,sinn,ag,9
dìreach,mar,sin,9
a’,dol,seachad,9
mi,an,dùil,9
an,t-seachdain,seo,9
chleachdadh,ann,an,9
a,chleachdadh,ann,9
iad,ag,ithe,9
air,rudan,a,9
cudromach,gum,bi,9
bhith,a’,faicinn,9
mòr,‘s,a,9
‘s,a,ghabhas,9
de,dhaoine,a,9
a’,cumail,smachd,9
cumail,smachd,air,9
na,bu,thràithe,9
a’,chidsin,a,9
seo,o,chionn,9
airson,seo,a,9
ag,ullachadh,airson,9
àm,seo,dhen,9
dol,a-mach,air,9
prògram,seo,bean,9
seo,bean,a,9
bean,a,mhinisteir,9
a,mhinisteir,a,9
mhinisteir,a,chraoladh,9
a,ghabhail,anns,9
a’,cleachdadh,a’,9
aca,fhèin,a,9
coltas,gu,bheil,9
an,rathad,a,9
gum,faigh,iad,9
a’,ghaoth,gu,9
ach,a,dh’,9
na,gàidhealtachd,‘s,9
gàidhealtachd,‘s,nan,9
‘s,nan,eilean,9
còrr,is,ceud,9
gum,bi,sin,9
sin,anns,na,9
ag,aithris,à,9
dòchas,ann,gum,9
air,dùn,èideann,9
barrachd,dhaoine,a,9
air,an,tairbeart,9
cheud,mìle,not,9
ri,fhaicinn,aig,9
iad,a’,togail,9
be,able,to,9
bidh,iad,an,9
a,thig,an,9
doneil,macleòid,bbc,9
a,chumail,beò,9
it,was,a,9
millean,not,a,9
a’,dol,fad,9
còrr,is,bliadhna,9
am,beachd,a,9
fhichead,‘s,a,9
an,cuid,de,9
ann,an,sgìrean,9
cùisean,a’,coimhead,9
a,stèidheachadh,ann,9
seo,calum,macilleathain,9
ann,an,caol,9
an,dàrna,bliadhna,9
aig,seonaidh,maccoinnich,9
fhaighinn,air,na,9
bliadhna,ann,bho,9
greisean,de,shoilleireachd,9
seo,gu,bhith,9
ailean,macleòid,bbc,9
an,sgoil,ùr,9
am,fear-naidheachd,againn,9
airson,‘s,gum,9
mi,creidsinn,gu,9
far,am,faigh,9
a’,chiad,chogadh,9
a,dhìth,orra,9
seo,aig,shona,9
air,cùl,an,8
gu,h-àraidh,a,8
a,h-uile,dad,8
a,dh’,fheumas,8
sinn,an,seo,8
a’,tòiseachadh,a’,8
’s,ann,as,8
aca,anns,an,8
h-àraidh,ann,an,8
a,dhol,an,8
obair,a,rinn,8
a’,fuireach,còmhla,8
rudan,eile,a,8
dol,a,dhol,8
iarraidh,a,dhol,8
dìreach,ann,an,8
faisg,air,a’,8
bhith,an,seo,8
fhios,agad,an,8
cumail,sùil,air,8
a,chur,na,8
a’,ruith,air,8
ciamar,a,thèid,8
ann,chaidh,am,8
innse,do,dhaoine,8
beul,na,h-oidhche,8
aig,gach,sgioba,8
thogras,mi,fhèin,8
innse,na,fìrinn,8
coltach,ris,an,8
’s,ann,airson,8
na,caoraich,a,8
dol,a-mach,gu,8
no,a,bhith,8
ann,airson,sin,8
‘s,ann,ann,8
an-diugh,a’,fuireach,8
ann,an,gleann,8
idir,idir,idir,8
mòra,ann,an,8
taobh,sear,na,8
fhios,agad,nuair,8
fhios,agad,air,8
an,eaglais,shaoir,8
a,h-uile,sgath,8
aig,mo,mhàthair,8
eile,a,bhios,8
àbhaist,dhomh,a,8
a,bhith,math,8
sinn,uile,eòlach,8
sin,a,leasachadh,8
cho,luath,’s,8
aig,an,sin,8
a’,dol,dha,8
math,’s,a,8
a’,chuairt,a,8
anns,am,bi,8
dòigh,anns,a,8
an,t-seachdain-sa,chaidh,8
’s,iad,a’,8
na,h-uighean,a,8
an,t-àite,a,8
seo,gu,bheil,8
ag,iarraidh,gum,8
mu,dheidhinn,ach,8
a,bhith,nan,8
nuair,a,dh’,8
mi,a’,cluinntinn,8
mise,a’,cleachdadh,8
cream,of,tartar,8
gus,am,faic,8
anns,na,bùithtean,8
ann,a,bhios,8
‘s,ann,mar,8
am,bi,sibh,8
a’,dèanamh,nan,8
ann,as,fheàrr,8
dà,cheud,gu,8
so,mar,sin,8
nochdadh,ann,an,8
mi,buileach,cinnteach,8
ri,iain,an,8
gur,ann,air,8
fhios,agad,dè,8
taic,a,chumail,8
air,taobh,an,8
cuideachd,a,bhith,8
dol,a,chosg,8
a,bhith,mar,8
fortanach,gu,bheil,8
a’,creidsinn,gur,8
gu,math,feumail,8
a’,tachairt,air,8
a’,ghàidhealtachd,ach,8
’s,ann,mar,8
gu,leòr,eile,8
no,ann,an,8
tòrr,de,na,8
àm,sam,bith,8
duine,ann,an,8
bliadhna,a,dh'aois,8
leòr,ann,an,8
a,dhèanamh,aig,8
a,dhol,sìos,8
a’,toirt,dhaibh,8
iad,a,dhol,8
a-steach,ann,an,8
ris,an,can,8
sinn,a’,smaoineachadh,8
a,thàinig,sinn,8
mar,a,b’,8
am,fear,sin,8
gum,biodh,a,8
dol,ga,chur,8
a,thogail,anns,8
an,aon,dòigh,8
b’,fheàrr,na,8
nuair,a,fhuair,8
dh’fhàg,mi,an,8
bidh,sinn,ga,8
saoil,a,bheil,8
mo,mhàthair,a’,8
gun,do,chuir,8
a’,coimhead,an,8
a’,dèanamh,mar,8
eòlach,air,na,8
‘s,dòcha,a,8
feadh,an,àite,8
gu,bheil,rudeigin,8
fhios,cò,as,8
a,dhèanamh,a-mach,8
a,chumail,aig,8
air,a,thogail,8
air,a,chùlaibh,8
uair,sin,chaidh,8
a,thathar,a’,8
dòchas,gum,faigh,8
gu,mòr,ri,8
gu,math,cruaidh,8
gu,bheil,gu,8
a,dhèanamh,‘s,8
measg,an,fheadhainn,8
a-nis,ann,an,8
dol,anns,an,8
thogail,ann,am,8
sin,chaidh,mi,8
às,na,hearadh,8
àite,gu,math,8
's,an,uair,8
a,bhith,còmhla,8
a,chur,oirre,8
sin,ach,’s,8
a’,dèanamh,feum,8
ach,an,dèidh,8
anns,an,òban,8
a-mach,ann,an,8
gheibh,sinn,a-mach,8
seòrsa,saoghail,a,8
an,fhear,seo,8
sinn,a’,faireachdainn,8
a’,cur,a-mach,8
iad,a’,cleachdadh,8
a,bhithinn,a’,8
leis,an,ainm,8
b’,fhada,gus,8
fhada,gus,an,8
north,west,company,8
ann,an,srath,8
a,dhèanamh,ris,8
rud,mòr,a,8
dìreach,ga,chur,8
thuilleadh,air,an,8
leabhar,a,thagh,8
a’,gluasad,air,8
a-nis,air,an,8
’s,a,h-aon,8
as,motha,de,8
daoine,ann,a,8
a’,cumail,a-mach,8
an,turas,mu,8
turas,mu,dheireadh,8
bliadhna,mu,dheireadh,8
a’,cur,fàilte,8
a,chur,orra,8
nan,rudan,a,8
coinneachadh,ann,an,8
ann,an,eaglais,8
aig,àm,na,8
gu,math,diofraichte,8
mi,fhathast,a’,8
a,chur,a-staigh,8
a’,cumail,a’,8
an,sin,bidh,8
air,an,t-seòrsa,8
airson,na,h-obrach,8
far,am,b’,8
daoine,a’,dèanamh,8
a’,dèanamh,barrachd,8
thoirt,gu,buil,8
a’,gluasad,gu,8
bidh,daoine,a’,8
d’,fhuair,sinn,8
tro,na,bliadhnaichean,8
bith,mar,sin,8
obair,air,na,8
pàirt,ann,an,8
iad,fhèin,a,8
fuireach,air,an,8
dè,dìreach,a,8
seo,a-nis,a’,8
a,bhith,cinnteach,8
mar,sin,airson,8
diy,le,donnie,8
a,dhèanamh,mu,8
dè,na,rudan,8
mi,math,air,8
gàidhlig,anns,an,8
a,chiad,leabhar,8
dhèanamh,anns,an,8
air,fàs,gu,8
eile,anns,an,8
airson,feuchainn,ri,8
mise,a,dol,8
math,nam,biodh,8
dh’fhaodadh,a,bhith,8
sinn,sùil,air,8
na,rudan,sin,8
sinn,dìreach,a’,8
a,bheil,a,8
a,bheil,a’,8
a,bharrachd,na,8
comhairle,nan,leabhraichean,8
chur,ann,am,8
gu,leòr,againn,8
ann,bho,chionn,8
taobh,a-muigh,na,8
sin,a,rèir,8
prògram,seo,seòid,8
seo,seòid,a’,8
seòid,a’,chidsin,8
chidsin,a,chraoladh,8
bidh,sin,math,8
a’,dèanamh,diofar,8
mar,sin,leibh,8
ag,ithe,feòil,8
an,seo,o,8
air,a’,mhargaidh,8
gum,bi,daoine,8
na,gàidhealtachd,is,8
air,sàilleibh,’s,8
airson,iomadach,bliadhna,8
dòigh,as,fheàrr,8
cudromach,gu,bheil,8
sùil,air,na,8
as,fhèarr,a,8
bhith,a’,gluasad,8
sinn,dol,a,8
aon,uair,‘s,8
ceann,a’,ghiùthsaich,8
sin,dol,a,8
seo,a’,dèanamh,8
ach,feumaidh,sinn,8
tro,mhòran,sgìrean,8
dh’,aindeoin,sin,8
a,thogail,le,8
chaidh,a,reic,8
thathas,an,dòchas,8
inbhir,nis,an-diugh,8
air,an,àrainneachd,8
na,gàidhlig,aig,8
muinntir,an,eilein,8
ghàidhlig,ann,an,8
bhliadhna,air,ais,8
nicfhionghain,bbc,an,8
as,urrainn,dhuinn,8
not,a,chosg,8
bbc,an,la,8
mun,bhuaidh,a,8
a,bhios,cùisean,8
‘s,gum,bi,8
macleòid,ag,aithris,8
mìle,san,uair,8
it,would,be,8
ach,dè,cho,8
dè,a’,bhuaidh,8
chionn,còrr,is,8
beachdachadh,air,an,8
dà,fhichead,‘s,8
h-uile,coltas,ann,8
bhith,ag,èirigh,8
seo,andreas,wolff,8
den,bheachd,gu,8
a’,chùis,a,8
a,th’ann,an,8
a,fhuair,iad,8
chur,ris,an,8
gu,h-àraidh,air,8
bliadhna,on,a,8
anns,a’,bhun-sgoil,8
duine,air,an,8
o,chionn,bliadhna,8
anns,an,togalach,8
là,glaschu,nise,8
dh’,fhosgail,an,8
na,frasan,a,8
sgòthach,a,bhios,8
smachd,air,cùisean,8
bhith,ann,airson,8
thoirt,seachad,airson,8
mar,a,fhuair,8
sìos,an,rathad,8
nis,ann,an,8
aig,oilthigh,ghlaschu,8
an,cànan,a,8
the,highlands,and,8
highlands,and,islands,8
eile,air,feadh,8
an,tè-naidheachd,againn,8
seo,shona,nicdhòmhnaill,8
deas,na,hearadh,8
na,meadhanan,sòisealta,8
thu,ag,ithe,7
sin,agad,an,7
gu,math,ainmeil,7
math,air,a,7
thoirt,do,dhaoine,7
sin,an,uair,7
chiad,dol,a-mach,7
agad,mar,a,7
agam,air,a,7
cùisean,a’,dol,7
cuimhne,agam,air,7
do,chuir,mi,7
a’,toirt,toileachas,7
cothrom,a,dhol,7
anns,an,obair,7
eile,a,dhèanamh,7
mi,airson,a,7
ri,bhith,a’,7
thu,a’,faireachdainn,7
thu,an,uair,7
sinn,a’,cleachdadh,7
fheàrr,air,an,7
fhios,agad,na,7
a,dhèanamh,sin,7
a,dhà,uimhir,7
sin,a,h-uile,7
fhuair,mi,an,7
a,chur,seo,7
dhol,dhan,àmhainn,7
fhios,agad,gu,7
th,ann,a,7
a’,faighinn,facal,7
taobh,eile,a,7
mar,a,thogras,7
dà,phuing,gu,7
a,dh’innse,na,7
dh’innse,na,fìrinn,7
sin,a,bheil,7
cò,aige,a,7
còmhla,ri,na,7
mi,aig,an,7
còmhla,ri,mo,7
mi,an,toiseach,7
rugadh,is,thogadh,7
a’,coimhead,nas,7
an,sin,‘s,7
mi,cinnteach,gur,7
sin,a,thug,7
ag,ràdh,“uill,7
seo,a’,còrdadh,7
gu,math,fada,7
dèanamh,nuair,a,7
tuilleadh,’s,a’,7
’s,a’,chòrr,7
on,uair,sin,7
bhith,aig,an,7
gu,leth,bliadhna,7
an,eaglais,shaor,7
bho,chionn,fhada,7
bhith,a’,togail,7
mi,cinnteach,nach,7
ga,dhèanamh,ach,7
as,trice,bidh,7
a’,dol,am,7
am,fear,as,7
ann,an,coimhearsnachd,7
smaoineachadh,gun,do,7
anns,na,seann,7
na,seann,làithean,7
air,an,dèanamh,7
a,bhith,‘n,7
anns,a’,chuairt,7
dà,phuing,airson,7
siud,’s,ann,7
a-null,chun,an,7
luath,’s,a,7
ann,an,dùthaich,7
a’,cur,ugh,7
a’,togail,an,7
cleachdte,ris,an,7
chì,thu,gu,7
an,rud,mu,7
is,dà,cheud,7
an,duine,seo,7
math,eadar-dhealaichte,a,7
dhol,à,bith,7
daoine,air,a,7
gu,mòr,air,7
a,dh’,obair,7
‘s,mar,sin,7
an,toiseach,air,7
an,leithid,de,7
a’,cleachdadh,na,7
bhios,mise,a’,7
fhaighinn,air,an,7
thu,fhèin,a’,7
o,chionn,fhada,7
còrdadh,ris,a,7
am,faigh,sinn,7
toilichte,a,bhith,7
a,ràdh,gu,7
facal,no,abairt,7
ann,an,fàilte,7
a,dh’fheumas,a,7
ged,a,bhios,7
leis,an,fhìrinn,7
uill,còmhla,ri,7
a’,tighinn,beò,7
chionn,‘s,gu,7
eadar,a,bhith,7
sam,bith,anns,7
fhèin,ag,ràdh,7
coireach,gu,bheil,7
math,nas,fheàrr,7
sin,a,thachair,7
a,thàinig,am,7
anns,an,ostail,7
anns,na,sgoiltean,7
ann,an,àm,7
a’,smaoineachadh,mu,7
aig,an,duine,7
a,feuchainn,ri,7
am,baile,beag,7
sgoil,ann,an,7
bheag,ann,an,7
air,ais,anns,7
gu,bhith,ag,7
mi,na,mo,7
a,bit,of,7
bliadhnaichean,air,ais,7
unnsaichean,flùir,self-raising,7
an,lùib,sin,7
ga,chur,timcheall,7
a’,dol,gam,7
air,an,son,7
a,b’,urrainn,7
sin,a,thoirt,7
gun,deach,an,7
chiad,uair,a,7
an,sin,a’,7
a,dhèanamh,às,7
nas,fhaisge,air,7
a,bheil,fhios,7
nach,bi,thu,7
a-staigh,air,an,7
air,thoiseach,air,7
thall,’s,a-bhos,7
a’,creidsinn,nach,7
ann,an,sasainn,7
a’,faireachdainn,mar,7
gu,h-àraidh,le,7
nuair,a,dh’fhàg,7
bu,chòir,dhomh,7
dhomh,a,ràdh,7
saoilidh,mi,gur,7
nuair,a,thigeadh,7
air,ais,an,7
a’,faighinn,tòrr,7
a,bheil,seo,7
ga,chur,dhan,7
ann,gu,math,7
a’,cur,a,7
chur,dhan,àmhainn,7
ri,daoine,a,7
sin,rud,a,7
dhuinn,a,dhèanamh,7
seo,aig,an,7
na,bu,mhotha,7
nach,d’,fhuair,7
tòrr,nas,fhasa,7
ann,an,ameireaga,7
air,tìr,an,7
seo,anns,an,7
air,nuair,a,7
bhith,a’,ruith,7
a’,cur,am,7
an,taobh,a-muigh,7
feumaidh,iad,a,7
ann,an,rud,7
’s,dòcha,a,7
h-uile,càil,eile,7
a’,toirt,dhomh,7
faighinn,air,adhart,7
gu,bheil,feum,7
an,dòigh,air,7
ga,chleachdadh,airson,7
deireadh,an,t-sreath,7
an,eilean,leòdhais,7
aig,a’,chomhairle,7
tadhal,air,an,7
gu,h-àraidh,an,7
a,thàinig,a-mach,7
a,dhol,suas,7
math,eòlach,air,7
glè,bheag,a,7
cuideachadh,a,thoirt,7
a,bhith,a-mach,7
air,a’,phoileas,7
a-muigh,an,sin,7
nach,bi,mi,7
mise,a’,smaointinn,7
a’,faicinn,rudan,7
a’,tighinn,suas,7
a,h-uile,là,7
mar,a,theireadh,7
iad,an,dùil,7
an,stuth,a,7
bruidhinn,air,an,7
dè,seòrsa,saoghail,7
an,seo,bho,7
an,lùib,seo,7
fheadhainn,a,bhios,7
còmhla,ri,daoine,7
toirt,air,falbh,7
ag,iarraidh,barrachd,7
broinn,an,taighe,7
ùr,air,an,7
bhithinn,a’,leughadh,7
na,hearadh,a,7
bith,air,an,7
an,north,west,7
thu,ag,ràdh,7
a’,dèanamh,beagan,7
a’m,gu,bheil,7
a-mach,gu,bheil,7
ma,bhios,iad,7
feumaidh,mi,aideachadh,7
no,’s,dòcha,7
thòisich,mi,air,7
tachairt,anns,an,7
nochdadh,anns,an,7
air,cuid,de,7
sibh,a’,dol,7
rud,air,a,7
aig,an,ìre-sa,7
ceangailte,ris,an,7
pàrlamaid,na,h-alba,7
a’,chiad,char,7
na,h-eaglaise,saoire,7
aig,an,doras,7
no,dhà,eile,7
dèiligeadh,ris,an,7
chòir,dhut,a,7
a,thaobh,mar,7
a’,coinneachadh,ann,7
chur,air,na,7
fhathast,ann,an,7
air,adhart,an,7
cuideachd,air,a,7
mi,a’,creid,7
as,motha,dhe,7
leis,a’,chloinn,7
chòir,dhuinn,a,7
iad,a’,cumail,7
bhon,a,thàinig,7
na,gàidhlig,air,7
air,ais,ach,7
a’,dèanamh,dheth,7
uill,mar,a,7
ann,am,measg,7
nas,motha,na,7
ann,cuideachd,ach,7
air,adhart,aig,7
an,dòigh,eadar-dhealaichte,7
a’,cosg,airgead,7
an,sgoil,a’,7
air,a’,chùis,7
gu,math,sgiobalta,7
cò,aig,a,7
aig,bun-sgoil,ghàidhlig,7
fhathast,a’,cumail,7
obair,air,a’,7
leas,a,bhith,7
iad,a-nis,a’,7
bhith,a’,feuchainn,7
air,a’,bhus,7
iad,a’,fuireach,7
a,dol,dhan,7
ann,an,òrdugh,7
an,àiteachan,eile,7
daoine,air,an,7
le,a,bhith,7
sin,a’,fàgail,7
dèanamh,cinnteach,nach,7
thu,ag,obair,7
prògram,seo,diy,7
seo,diy,le,7
le,donnie,a,7
donnie,a,chraoladh,7
taing,do,bbc,7
do,bbc,gàidhlig,7
air,fad,a,7
na,gàidhealtachd,a,7
dòchas,gun,còrd,7
cuid,de,dhaoine,7
am,going,to,7
‘s,nuair,a,7
an,t-suidheachadh,a,7
ràdh,gum,bi,7
ùine,a,chur,7
sinn,rud,beag,7
rud,beag,a,7
anns,an,dachaigh,7
air,a,phìob,7
an,sgìre,airson,7
a,sgrìobhadh,le,7
an,sgeulachd,a,7
a,dh’fhaodadh,a,7
prògram,seo,annlan,7
seo,annlan,a,7
annlan,a,chraoladh,7
a,gheibh,iad,7
fìor,mhath,a,7
den,t-seòrsa,seo,7
an,eilean,dubh,7
duine,air,a,7
seo,airson,an,7
air,dòigh,le,7
a,bhios,daoine,7
a’,tachairt,ann,7
tachairt,ann,an,7
‘s,dòcha,a’,7
a,bhith,mothachail,7
ann,an,cinn,7
uair,sin,ga,7
airson,uair,an,7
anns,an,àmhainn,7
gabh,mo,leisgeul,7
drochaid,an,aonachain,7
dol,a,thòiseachadh,7
ghabhail,ann,an,7
a,bhios,air,7
cur,ann,an,7
na,seann,daoine,7
dè,nì,mi,7
sin,leis,an,7
anns,a’,ghàrradh,7
duine,a,bhios,7
ag,òl,cus,7
ann,airson,an,7
sinn,a,h-uile,7
againn,air,an,7
barrachd,dhaoine,a’,7
sinn,an,dèidh,7
obair,air,a,7
is,an,uair,7
seo,dhen,bhliadhna,7
na,dùthcha,a’,7
feuchainn,ri,na,7
mòran,de,na,7
seinn,ann,an,7
àm,gu,àm,7
an,urra,ri,7
à,leòdhas,a,7
‘s,dòcha,gum,7
air,an,ath,7
sna,h-eileanan,an,7
as,fheàrr,ann,7
fheàrr,ann,an,7
a,th’air,a,7
le,greisean,de,7
tuath,na,dùthcha,7
a’,chlann,a’,7
aig,an,fheadhainn,7
cuideachd,a’,toirt,7
nach,urrainn,dhaibh,7
aig,deireadh,a’,7
a,ghabhail,ann,7
an,là,a,7
dà,bhliadhna,air,7
ann,an,clò,7
fuireach,anns,na,7
sin,air,sgàth,7
taic,a,chur,7
go,to,the,7
a’,chlann,a,7
am,pròiseact,seo,7
fada,a,bharrachd,7
dhol,air,adhart,7
a,bheil,fios,7
mòr,a’,tighinn,7
thairis,air,a’,7
anns,a’,phròiseact,7
oilthigh,na,gàidhealtachd,7
eileen,nicdhòmhnaill,bbc,7
coimhead,air,a’,7
baile,inbhir,nis,7
là,air,an,7
ann,am,bun-sgoil,7
‘na,mo,chuid,7
mo,chuid,aodaich’,7
air,buaidh,a,7
a’,tighinn,chun,7
they,want,to,7
eachdraidh,na,h-alba,7
a,bhith,coimhead,7
ann,an,ionad,7
fhaicinn,air,an,7
aig,duine,sam,7
am,prionnsa,teàrlach,7
barrachd,is,barrachd,7
tighinn,dhan,eilean,7
ainmeil,air,feadh,7
a,bheil,ùidh,7
a,thoirt,chun,7
a’,còrdadh,riutha,7
deireadh,na,mìos,7
gun,toir,seo,7
na,h-alba,airson,7
cho,fad,‘s,7
ann,leis,an,7
a,bhith,tighinn,7
gan,toirt,seachad,7
bheir,sinn,sùil,7
air,an,là,7
fad,is,farsaing,7
anns,an,taigh-tasgaidh,7
a,bhrosnachadh,gus,7
bidh,an,taisbeanadh,7
bhith,air,falbh,7
ann,tric,a,7
an,àireamh,a,7
chaidh,andreas,wolff,7
feadh,nan,eileanan,7
ga,thoirt,seachad,7
a,little,bit,7
là,an,t-eilean,7
a’,ghrian,a’,7
ghrian,a’,deàrrsadh,7
chaidh,calum,macilleathain,7
phàirt,de,phròiseact,7
a',chiad,uair,7
nas,lugha,na,7
ann,tioram,a,7
chost,an,ear,7
am,faigh,iad,7
fhoillseachadh,ann,an,7
dèanamh,a,shlighe,7
andreas,wolff,ag,7
wolff,ag,aithris,7
chaidh,a,togail,7
coltas,ann,gun,7
air,an,togalach,7
taighean,a,thogail,7
air,eachdraidh,na,7
a’,leantainn,air,7
air,an,drochaid,7
ro,dheireadh,na,7
a,tuath,leòdhais,7
nas,sine,na,7
a,bhith,cleachdadh,7
gun,tèid,aca,7
chumail,anns,an,7
an,latha,air,7
de,dh’iarmailt,shoilleir,7
math,a,th’ann,7
airson,an,ath,7
a,bheil,gàidhlig,7
tron,latha,an-diugh,7
aig,comhairle,nan,7
a,bhith,faighinn,7
thathar,an,dùil,7
bliadhna,bho,chaidh,7
sinn,a’,sealltainn,7
na,h-uile,gnothaichean,7
seachdain,na,gàidhlig,7
eilean,ann,an,7
anns,a’,ghearasdan,7
bh,bh,bh,7
mi,gum,bi,6
sin,ach,an,6
aon,rud,cinnteach,6
fàilte,oirbh,gu,6
bhith,a’,còcaireachd,6
cho,math,air,6
an,seo,fad,6
fad,na,seachdain,6
sin,gu,leòr,6
a,deas,nan,6
ach,b’,ann,6
an,aghaidh,nan,6
ann,an,ceòl,6
smaointinn,gum,biodh,6
ann,am,bùth,6
sin,air,ais,6
thu,a’,leughadh,6
gu,math,èibhinn,6
leughadh,nuair,a,6
a’,còrdadh,riumsa,6
ach,aig,a’,6
aig,an,aois,6
cleachdte,ri,bhith,6
dheth,a,dhreuchd,6
a’,bhean,agam,6
mi,a’,gabhail,6
às,dèidh,an,6
an,seo,am,6
seo,air,a’,6
ann,fhios,agad,6
mi,air,am,6
fhios,agad,ma,6
measg,nan,daoine,6
sinn,a,dol,6
seo,nuair,a,6
a-mach,à,seo,6
far,am,biodh,6
's,ann,an,6
a,smaoineachadh,gun,6
ri,mìneachadh,no,6
mìneachadh,no,ciall,6
no,ciall,an,6
ciall,an,fhacail,6
an,fhacail,a,6
dhe,na,faclan,6
feumaidh,gach,sgioba,6
gach,sgioba,breithneachadh,6
sgioba,breithneachadh,orra,6
tuairmse,a,dhèanamh,6
cothrom,aig,gach,6
gach,sgioba,an,6
sgioba,an,taobh,6
eile,a,cheasnachadh,6
puingean,mar,a,6
a,thogras,mi,6
phuing,gu,cinnteach,6
gu,cinnteach,ma,6
cinnteach,ma,nì,6
a,bhiodh,aca,6
fàgaidh,sinn,sin,6
bheil,thu,fhèin,6
ann,an,cabhaig,6
dha,na,caoraich,6
an,latha,ach,6
h-uile,càil,a’,6
nuair,a,chunnaic,6
a’,fuireach,san,6
àird,nam,murchan,6
ag,iarraidh,gun,6
chun,na,gàidhealtachd,6
ann,an-diugh,ach,6
no,càil,sam,6
a’,dèanamh,ach,6
a’,tighinn,’s,6
a’,falbh,a,6
dìreach,fhios,agad,6
bhiodh,m’,athair,6
’s,a,bhiodh,6
anns,a’,bheurla,6
ann,an,èirisgeigh,6
còrr,air,ceud,6
an,làraich,seo,6
fhaide,na,sin,6
cudromach,anns,an,6
tro,na,linntean,6
sin,anns,a’,6
an,toiseach,a’,6
urrainn,dha,a,6
cho,furasta,a,6
a,bhios,sibh,6
a’,dèanamh,rud,6
a’,dèanamh,airson,6
’s,àbhaist,dhomh,6
a’,dèanamh,rudeigin,6
cuideachd,nuair,a,6
rud,beag,de,6
fhios,gu,bheil,6
ag,innse,dhut,6
chaidh,mo,thogail,6
chanainn,gu,bheil,6
an,cruthadair,a,6
smaointinn,gum,bi,6
na,h-obrach,a,6
tighinn,chun,na,6
anns,an,t-seachdain,6
gum,feum,sinn,6
a’,cheart,cho,6
cà’,bheil,thu,6
iad,a’,ruith,6
an,iar,‘s,6
uile,eòlach,gu,6
air,faclan,ùra,6
faclan,ùra,ann,6
ùra,ann,an,6
cleachdadh,ann,an,6
bonus,ann,an,6
an,dàrna,facal,6
an,treas,facal,6
do,mhàiri,anna,6
cùisean,air,atharrachadh,6
an,seo,dìreach,6
nuair,a,nì,6
a’,fàs,cleachdte,6
mar,sin,ma,6
thu,gu,bheil,6
còrr,is,dà,6
an,cunnart,a,6
cur,às,dha,6
tadhal,air,a’,6
oilthigh,ann,an,6
a’,nochdadh,air,6
air,a’,chlàr,6
beagan,bhliadhnaichean,a,6
iad,uile,a’,6
à,uibhist,a,6
son,a,bhith,6
gàidhlig,aig,an,6
àm,nuair,a,6
a,dhà,a,6
sam,bith,ach,6
an,do,dh’,6
cluinntinn,mu,dheidhinn,6
chreid,mi,gun,6
anns,a’,chidsin,6
a,bharrachd,de,6
fhaighinn,anns,na,6
bi,sibh,a’,6
‘s,ann,as,6
gu,math,tiugh,6
buileach,cinnteach,ach,6
an,duine,agam,6
ris,mar,a,6
fios,agam,gu,6
a’,nochdadh,ann,6
an,fàilte,oirbh,6
dh’fheumas,a,bhith,6
bi,feum,air,6
a,bhith,an-sàs,6
bith,anns,an,6
bi,mi,a’,6
an,obair,seo,6
bhith,anns,na,6
an,eachdraidh,nan,6
mu,dheidhinn,cho,6
cho,mòr,ri,6
air,adhart,airson,6
air,ais,’s,6
ann,ach,an,6
mus,do,thòisich,6
chionn,dà,bhliadhna,6
ann,an,ùige,6
athair,ann,an,6
thu,a,faighinn,6
bhith,ag,innse,6
dol,a-steach,dhan,6
dà,unnsa,ime,6
fhàgail,ann,an,6
dòigh,anns,an,6
mòran,dhe,na,6
sìos,ann,an,6
am,fiosrachadh,a,6
an,can,iad,6
sin,far,an,6
rud,a,thachair,6
a,dhèanamh,gu,6
‘s,ann,airson,6
bu,chòir,a,6
na,fuaimean,a,6
bhios,iad,a’,6
uile,gu,math,6
feuchamaid,fear,eile,6
mi,’s,dòcha,6
mise,ag,iarraidh,6
fhios,aig,daoine,6
dha,daoine,a,6
chaidh,a,thoirt,6
nas,fheàrr,a,6
a’,cur,na,6
cuideachd,ann,an,6
iad,air,am,6
thogail,anns,an,6
dà,fhichead,bliadhna,6
dha,na,gàidheil,6
feuchainn,ris,an,6
a’,gabhail,ris,6
iad,gu,bhith,6
cuimhne,a’m,air,6
air,an,dearbh,6
a-rithist,ann,an,6
mi,a’,seinn,6
eadar-dhealaichte,bho,na,6
anns,an,fharpais,6
uair,sin,na,6
mi,a’,creids’,6
as,urrainn,dhut,6
’s,urrainn,dhut,6
fad,na,tìde,6
mi,an,sgoil,6
aon,seòrsa,rud,6
fhios,agad,gun,6
a,nì,sinn,6
às,dèidh,dhaibh,6
gu,bheil,mise,6
doirbh,a,bhith,6
a’,dol,dheth,6
cur,a,h-uile,6
gu,math,bog,6
nas,fheàrr,air,6
ma,bhios,tu,6
a’,dol,faisg,6
an,teaghlach,a,6
deiseil,a-nis,airson,6
cho,snog,’s,6
sinn,air,ais,6
nise,ann,an,6
a’,coinneachadh,ri,6
a,chaidh,am,6
ris,an,seo,6
beò,ann,an,6
sin,‘s,dòcha,6
no,‘s,dòcha,6
bhios,sinn,a’,6
thèid,sinn,gu,6
“tagh,do,bhean,6
“an,aon,dithis,6
dithis,aig,nach,6
turas,no,dhà,6
aig,an,àm-sa,6
an,seo,an-dràsta,6
mar,sin,so,6
còrdadh,rium,a,6
an,dèidh,dha,6
a,rèir,coltais,6
an,siud,'s,6
anns,an,deach,6
an,dùil,a,6
iad,ag,ionnsachadh,6
dol,air,feadh,6
na,gàidhealtachd,ann,6
gàidhealtachd,ann,an,6
a,dhol,chun,6
biodh,iad,air,6
